id;document_type;document_url;status;verification_token;last_action_date;created_at;updated_at
1;disarm anenst farmer;important and;obediently oddly rue;psst;2024-09-28T02:39:58;2024-09-28T10:50:14;2024-09-27T21:26:35
2;considering;across;ha spiffy;into calmly seemingly;2024-09-28T10:50:16;2024-09-28T00:28:51;2024-09-28T04:15:09
3;bog order;besides kookily;smoggy;including;2024-09-27T20:22:11;2024-09-28T01:08:43;2024-09-28T11:40:38
4;battle psst;since;ew pertinent;humidity;2024-09-27T21:55:21;2024-09-28T11:26:05;2024-09-28T00:03:26
5;prioritize dime;so overconfidently;abnormally lest;per what which;2024-09-28T10:21:58;2024-09-28T07:42:03;2024-09-28T10:06:17
6;steep;pace once;discontinue cutover;eek woot capitalize;2024-09-28T10:01:43;2024-09-28T04:40:38;2024-09-27T18:05:25
7;overplay whoever;unnecessarily sans scent;posh essential dead;briskly unnaturally briskly;2024-09-28T04:58:40;2024-09-27T22:52:29;2024-09-28T01:35:37
8;dishonor;fast before gruesome;actually;tricky deduct anesthetize;2024-09-27T18:17:55;2024-09-28T05:08:27;2024-09-28T12:19:34
9;dependable gust cute;sans fairly;eek acquire;underneath;2024-09-28T16:00:17;2024-09-27T22:05:42;2024-09-27T22:42:12
10;for if;unless mismatch petty;yowza;plus;2024-09-28T10:26:09;2024-09-28T12:34:56;2024-09-28T03:57:05
