id;name;created_by;created_at;updated_at
1;reassemble realistic;wherever;2024-09-27T22:26:08;2024-09-28T03:01:39
2;shady unkempt out;immediate;2024-09-27T23:22:28;2024-09-27T19:25:02
3;whoa dreary throughout;barring but well-made;2024-09-27T18:02:43;2024-09-27T15:50:50
4;thorny pixellate;whoa step;2024-09-27T17:31:09;2024-09-27T19:34:22
5;complete;beneath;2024-09-27T19:42:17;2024-09-27T15:29:34
6;versus tame for;uh-huh because hot;2024-09-28T08:00:08;2024-09-27T23:26:00
7;antique vice;boastfully;2024-09-27T15:55:29;2024-09-28T04:40:54
8;thongs splendid;milky partridge;2024-09-28T05:17:31;2024-09-27T18:52:27
9;energetic famously ew;giving;2024-09-27T17:04:36;2024-09-28T02:04:22
10;blindly everlasting at;dwell readmit;2024-09-28T06:02:21;2024-09-28T01:01:34
